GCMD Keyword Last Word,Paramater Vocab,Note
ABLATION ZONES/ACCUMULATION ZONES,,Needs mapping
ABSOLUTE SALINITY,Salinity,
ABSORPTION,Optical properties,
ABYSSAL HILLS/PLAINS,Uncategorised,
ACCELEROMETERS,Uncategorised,
ACE/CRC,Uncategorised,
ACID DEPOSITION,Physical-Water,
ACORN WORMS,Ocean Biota,
ACOUSTIC ATTENUATION/TRANSMISSION,Acoustics,
ACOUSTIC DOPPLER CURRENT PROFILER,Uncategorised,
ACOUSTIC FREQUENCY,Acoustics,
ACOUSTIC MOORING,Uncategorised,
ACOUSTIC RECEIVERS,Uncategorised,
ACOUSTIC RECORDING PACKAGE,Uncategorised,
ACOUSTIC REFLECTIVITY,Acoustics,
ACOUSTIC SCATTERING,Acoustics,
ACOUSTIC SOUNDERS,Uncategorised,
ACOUSTIC TOMOGRAPHY,Uncategorised,
ACOUSTIC VELOCITY,Acoustics,
ACTIVE LAYER,,Needs mapping
ADAPTATION,Biological,
ADELIE LAND,Uncategorised,
ADMINISTRATIVE DIVISIONS,Uncategorised,
ADVANCED MICROWAVE SCANNING RADIOMETER 2,Uncategorised,
ADVANCED SCATTEROMETER,Uncategorised,
ADVANCED SPACEBORNE THERMAL EMISSION AND REFLECTION RADIOMETER,Uncategorised,
ADVANCED SYNTHETIC APERATURE RADAR,Uncategorised,
ADVANCED VERY HIGH RESOLUTION RADIOMETER,Uncategorised,
ADVECTION,Current,
AERIAL PHOTOGRAPHS,Uncategorised,
AEROSOL BACKSCATTER,,Needs mapping
AEROSOL MASS SPECTROMETER,Uncategorised,
AEROSOL OPTICAL DEPTH/THICKNESS,,Needs mapping
AEROSOL PARTICLE PROPERTIES,,Needs mapping
AEROSOL RADIANCE,,Needs mapping
AEROSOLS,,Needs mapping
AFFORESTATION/REFORESTATION,Uncategorised,
AGE DETERMINATIONS,,Needs mapping ??
AGRICULTURAL AQUATIC SCIENCES,Uncategorised,
AGRICULTURAL ECONOMICS,Uncategorised,
AGRICULTURAL EXPANSION,Uncategorised,
AGRICULTURAL LANDS,Uncategorised,
AGRICULTURE PRODUCTION,Uncategorised,
AIR PRESSURE SENSOR,Uncategorised,
AIR QUALITY,,Needs mapping
AIR TEMPERATURE,Uncategorised,
AIRBORNE LASER SCANNER,Uncategorised,
AIRBORNE SYNTHETIC APERTURE RADAR,Uncategorised,
AIRCRAFT,Uncategorised,
AIRGUN ARRAYS,Uncategorised,
AIRSPEED/GROUND SPEED,Uncategorised,
ALBANY,Uncategorised,
ALBATROSS ISLET,Uncategorised,
ALBATROSSES/PETRELS AND ALLIES,Ocean Biota,
ALBEDO,,Needs mapping
ALGAE,Ocean Biota,
ALKALINITY,Alkalinity,
ALL ANARE SHIPS,Uncategorised,
ALLIGATORS/CROCODILES,Ocean Biota,
ALL-SKY CAMERA,Uncategorised,
ALPHA-SPECTROMETERS,Uncategorised,
ALPINE/TUNDRA,Uncategorised,
ALTIMETERS,Uncategorised,
ALTITUDE,Uncategorised,
AMANDA BAY,Uncategorised,
AMBIENT NOISE,Acoustics,
AMD,Uncategorised,
AMD/AU,Uncategorised,
AMD/FR,Uncategorised,
AMD/JP,Uncategorised,
AMD/SCAR-MARBIN,Uncategorised,
AMD/US,Uncategorised,
AMERY ICE SHELF,Uncategorised,
AMERY OASIS,Uncategorised,
AMMONIA,Nutrient,
AMOEBAS,Ocean Biota,
AMPHIBIANS,Ocean Biota,
AMPHIPODS,Ocean Biota,
AMUNDSEN BAY,Uncategorised,
ANCHOVIES/HERRINGS,Ocean Biota,
ANEMOMETERS,Uncategorised,
ANEMONES,Ocean Biota,
ANGIOSPERMS (FLOWERING PLANTS),Uncategorised,
"ANGIOSPERMS, SEAGRASS, HALOPHILA, CYMODOCEA, HALODULE, BENTHIC HABITAT, POPULATION DYNAMICS, GENETIC DIVERSITY, CONNECTIVITY, PILBARA",Uncategorised,
ANIMAL BREEDING AND GENETICS,Biological,
ANIMAL ECOLOGY AND BEHAVIOR,Biological,
ANIMAL MANAGEMENT SYSTEMS,Biological,
ANIMAL PHYSIOLOGY AND BIOCHEMISTRY,Biological,
ANIMALS/INVERTEBRATES,Biological,
ANIMALS/VERTEBRATES,Biological,
ANTABIF,Uncategorised,
ANTARCTIC CLIMATE RESEARCH,Uncategorised,
ANTARCTIC OSCILLATION,Uncategorised,
ANTARCTIC OSCILLATION (AAO),Uncategorised,
ANTARCTIC PENINSULA,Uncategorised,
ANTARCTIC SEA ICE PROCESSES AND CLIMATE,,Needs mapping
ANTARCTICA,Uncategorised,
ANTHOZOANS/HEXACORALS,Ocean Biota,
ANTHOZOANS/OCTOCORALS,Ocean Biota,
ANTHROPOGENIC/HUMAN INFLUENCED ECOSYSTEMS,Uncategorised,
ANTICYCLONES/CYCLONES,Physical-Atmosphere,
APHOTIC/PHOTIC ZONE,Optical properties,
AQUACULTURE,Uncategorised,
AQUACULTURE PRODUCTION,Uncategorised,
AQUATIC ECOSYSTEMS,Uncategorised,
AQUATIC HABITAT,,Needs mapping
AQUATIC SCIENCES,Uncategorised,
AQUIFERS,Uncategorised,
ARACHNIDS,Biological,
ARCHAEAN,Uncategorised,
ARCTIC,Uncategorised,
ARCTIC OCEAN,Uncategorised,
ARGOS DATA COLLECTION AND POSITION LOCATION SYSTEM,Uncategorised,
ARROW WORMS,Ocean Biota,
ARTHROPODS,Biological,
ATLANTIC OCEAN,Uncategorised,
ATLAS COVE,Uncategorised,
ATMOSPHERE L PRECIPITATION,Precipitation and evaporation,
ATMOSPHERIC CARBON DIOXIDE,,Needs mapping
ATMOSPHERIC EMITTED RADIATION,Air-Sea Fluxes,
ATMOSPHERIC HEATING,Humidity,
ATMOSPHERIC OZONE,Air-Sea Fluxes,
ATMOSPHERIC PRESSURE,Air pressure,
ATMOSPHERIC PRESSURE MEASUREMENTS,Air pressure,
ATMOSPHERIC RADIATION,Air-Sea Fluxes,
ATMOSPHERIC TEMPERATURE,Air-Sea Fluxes,
ATMOSPHERIC WATER VAPOR,Humidity,
ATMOSPHERIC WINDS,Air-Sea Fluxes,
ATOMIC ABSORPTION SPECTROPHOTOMETRY,Uncategorised,
ATTENUATION/TRANSMISSION,Optical properties,
AUCKLAND ISLANDS,Uncategorised,
AUSTER,Uncategorised,
AUSTRALIA,Uncategorised,
AUSTRALIA EXCLUDING EXTERNAL TERRITORIES,Uncategorised,
AUSTRALIA/NEW ZEALAND,Uncategorised,
AUTOANALYZER,Uncategorised,
AUTOMATED DNA SEQUENCER,Uncategorised,
AUTOMATED WEATHER OBSERVING SYSTEM,Uncategorised,
AUTOMATED WEATHER SYSTEM,Uncategorised,
AUTOMATIC C-AXIS FABRIC ANALYZER,Uncategorised,
AUTOMATIC REMOTE WEATHER STATION,Uncategorised,
AUTONOMOUS UNDERWATER VEHICLES,Uncategorised,
BACTERIA,Biological,
BACTERIA/ARCHAEA,Biological,
BALAENA ISLANDS,Uncategorised,
BALEEN WHALES,Ocean Biota,
BALLENY ISLANDS,Uncategorised,
BANZARE BANK,Uncategorised,
BANZARE_BANK,Uncategorised,
BARENTS SEA,Uncategorised,
BARFF PENINSULA,Uncategorised,
BARNACLES,Ocean Biota,
BAROMETERS,Uncategorised,
BARRIER BAY,Uncategorised,
BARRIER ISLANDS,Uncategorised,
BASELINE,Uncategorised,
BASLER BT-67,Uncategorised,
BATHYMETRY,Bathymetry,
BATHYMETRY/SEAFLOOR TOPOGRAPHY,Bathymetry,
BAY CLOSING LINE,Uncategorised,
BEACHES,Uncategorised,
BEALL ISLAND,Uncategorised,
BEAVER LAKE,Uncategorised,
BECHERVAISE ISLAND,Uncategorised,
BÉCHERVAISE ISLAND,Uncategorised,
BEDROCK LITHOLOGY,,Needs mapping
BELLINGSHAUSEN SEA,Uncategorised,
BENTHIC,Uncategorised,
BENTHIC HABITAT,,Needs mapping
BENTHOS,Uncategorised,
BINOCULAR,Uncategorised,
BIOACCUMULATION,Biological,
BIOAVAILABILITY,Biological,
BIODIVERSITY FUNCTIONS,Biological,
BIOGENIC SEDIMENTS,,Needs mapping
BIOGEOCHEMICAL CYCLES,Uncategorised,
BIOGEOCHEMICAL PROCESSES,Uncategorised,
BIOGEOCHEMISTRY,Chemical,
BIOLOGICAL AMBIENT NOISE,Biological,
BIOLOGICAL CLASSIFICATION,Biological,
BIOLOGICAL RECORDS,Biological,
BIOLUMINESCENCE,Ocean Biota,
BIOMASS,Biological,
BIOMASS BURNING,Biological,
BIOMASS DYNAMICS,Biological,
BIOMEDICAL CHEMICALS,Chemical,
BIOMETER,Uncategorised,
BIOMONITORING OF ENVIRONMENTAL STATUS AND TRENDS,Uncategorised,
BIOSPHERE,Uncategorised,
BIOTURBATION,Uncategorised,
BIRD ISLAND,Uncategorised,
BIRDS,Biological,
BIVALVES,Ocean Biota,
BLUFF ISLAND,Uncategorised,
BOLINGEN ISLANDS,Uncategorised,
BONGO NETS,Uncategorised,
BONNEY UPWELLING,Uncategorised,
BOREHOLES,Uncategorised,
BOTTOM TRAWL,Uncategorised,
BOUNDARIES,Uncategorised,
BOUNDARY DEFINITION,Uncategorised,
BOUNDARY LAYER TEMPERATURE,Temperature,
BOUNDARY LAYER WINDS,Wind,
BOUNDARY SURVEYS,Uncategorised,
BOUVET ISLAND,Uncategorised,
BOWMAN ISLAND,Uncategorised,
BRATTSTRAND BLUFF,Uncategorised,
BREEDING PRODUCTIVITY,Uncategorised,
BRIGHTNESS TEMPERATURE,Air-Sea Fluxes,
BRISBANE,Uncategorised,
BRISTLE WORMS,Ocean Biota,
"BRITISH, AUSTRALIAN AND NEW ZEALAND ANTARCTIC RESEARCH EXPEDITION OF 1929-31",Uncategorised,
BRITTLE/BASKET STARS,Ocean Biota,
BROADBAND SOLAR RADIOMETER,Uncategorised,
BROKEN RIDGE,Uncategorised,
BROWN ALGAE,Ocean Biota,
BROWN BAY,Uncategorised,
BRUCE RISE,Uncategorised,
BRYOZOANS/MOSS ANIMALS,Ocean Biota,
BUD AND SABRINA COAST,Uncategorised,
BUILDINGS,Uncategorised,
BUNGER HILLS,Uncategorised,
BUOY POSITION,Uncategorised,
BUOYS,Uncategorised,
CALIBRATION/VALIDATION,Uncategorised,
CAMERA,Uncategorised,
CAMERAS,Uncategorised,
CAMPBELL ISLAND,Uncategorised,
CAMPBELL PLATEAU,Uncategorised,
CANOPY CHARACTERISTICS,Uncategorised,
CAPE DARNLEY POLYNYA,Uncategorised,
CAPE DENISON,Uncategorised,
CAPE HALLETT,Uncategorised,
CAPE POINSETT,Uncategorised,
CARBON,Carbon,
CARBON ANALYZERS,Uncategorised,
CARBON CYCLE/CARBON BUDGET MODELS,Uncategorised,
CARBON DIOXIDE,Carbon,
CARBON DIOXIDE FORCING,Uncategorised,
CARBON HYDROGEN NITROGEN ELEMENTAL ANALYZERS,Uncategorised,
CARBON MONOXIDE,Carbon,
"CARBON, HYDROGEN, NITROGEN ANALYZERS",Uncategorised,
"CARBON, HYDROGEN, NITROGEN ELEMENTAL ANALYZERS",Uncategorised,
CARBONACEOUS AEROSOLS,,Needs mapping
CARBONATE,Carbon,
CARBONATE FORMATION,Carbon,
CARBONATE SEDIMENTS,,Needs mapping
CARID SHRIMPS,Ocean Biota,
CARNARVON,Uncategorised,
CASEY,Uncategorised,
CASEY BAY,Uncategorised,
CASEY STATION,Uncategorised,
CASEY WHARF,Uncategorised,
CCAMLR DIVISION 58.4.2-EAST,Uncategorised,
CEILOMETERS,Uncategorised,
CENOZOIC,Uncategorised,
CENSUS OF ANTARCTIC MARINE LIFE,Uncategorised,
CENSUS OF MARINE LIFE,Uncategorised,
CENTIPEDES,Biological,
CEOS,Uncategorised,
CEPHALOPODS,Ocean Biota,
CESSNA 172 SKYHAWK,Uncategorised,
CETACEANS,Ocean Biota,
CHANGE DETECTION SERVICES,Uncategorised,
CHARCOAL SEDIMENT,,Needs mapping
CHELICERATES,Ocean Biota,
CHEMICAL SPILLS,Uncategorised,
CHEMICAL WEATHERING,Uncategorised,
CHITONS,Ocean Biota,
CHLORINE DIOXIDE,Nutrient,
CHLORINE MONOXIDE,Nutrient,
CHLORINE NITRATE,Nutrient,
CHLOROFLUOROCARBONS,Nutrient,
CHLOROPHYLL,Chlorophyll,
CHLOROPHYLL CONCENTRATION,Chlorophyll,
CHLOROPHYLL CONCENTRATIONS,Chlorophyll,
CHONDRICHTHYES,Ocean Biota,
CILIATES,Ocean Biota,
CIVIL DISTURBANCE,Uncategorised,
CLAMS,Ocean Biota,
CLE-CSV,Uncategorised,
CLIMATE CHANGE IMPACT ASSESSMENT MODELS,Uncategorised,
CLIMATE INDICATORS,Uncategorised,
CLIMATE MODELS,Uncategorised,
CLIMATE OF ANTARCTICA AND THE SOUTHERN OCEAN,Uncategorised,
CLIMATE STUDIES,Uncategorised,
CLIMATE VARIABILITY,Uncategorised,
CLIVAR LINE I9,Uncategorised,
CLIVAR S4 TRANSECT,Uncategorised,
CLIVAR SR3 TRANSECT,Uncategorised,
CLIVAR SR3 TRANSECT 142E MERIDIAN,Uncategorised,
CLIVAR TRANSECT I9,Uncategorised,
CLOUD AMOUNT,Physical-Atmosphere,
CLOUD AMOUNT/FREQUENCY,Physical-Atmosphere,
CLOUD BASE HEIGHT,Physical-Atmosphere,
CLOUD CONDENSATION NUCLEI,Physical-Atmosphere,
CLOUD DROPLET CONCENTRATION/SIZE,Physical-Atmosphere,
CLOUD DROPLET DISTRIBUTION,Physical-Atmosphere,
CLOUD FRACTION,Physical-Atmosphere,
CLOUD FREQUENCY,Physical-Atmosphere,
CLOUD HEIGHT,Physical-Atmosphere,
CLOUD LIQUID WATER/ICE,Physical-Atmosphere,
CLOUD OPTICAL DEPTH/THICKNESS,Physical-Atmosphere,
CLOUD OPTICAL THICKNESS,Physical-Atmosphere,
CLOUD PRECIPITABLE WATER,Physical-Atmosphere,
CLOUD RADIATIVE FORCING,Physical-Atmosphere,
CLOUD REFLECTANCE,Physical-Atmosphere,
CLOUD TOP PRESSURE,Physical-Atmosphere,
CLOUD TOP TEMPERATURE,Physical-Atmosphere,
CLOUD TYPES,Physical-Atmosphere,
CLOUD VERTICAL DISTRIBUTION,Physical-Atmosphere,
CLOUDS,Uncategorised,
CNIDARIANS,Ocean Biota,
CO2 ANALYZERS,Uncategorised,
COASTAL,,Needs mapping
COASTAL AND MARINE MAPPING,,Needs mapping
COASTAL AREAS,,Needs mapping
COASTAL BATHYMETRY,,Needs mapping
COASTAL ELEVATION,,Needs mapping
COASTAL HABITAT,,Needs mapping
COASTAL LANDFORMS,,Needs mapping
COASTAL LANDFORMS/PROCESSES,,Needs mapping
COASTAL PROCESSES,,Needs mapping
COCCOLITHOPHORES,Biological,
CODS/HADDOCKS,Ocean Biota,
COLORIMETERS,Uncategorised,
COMB JELLIES,Ocean Biota,
COMMISSION FOR THE CONSERVATION OF ANTARCTIC MARINE LIVING RESOURCES,Uncategorised,
COMMONWEALTH BAY,Uncategorised,
COMMUNICATIONS,Uncategorised,
COMMUNITY DYNAMICS,Biological,
COMMUNITY STRUCTURE,Biological,
COMPASSES,Uncategorised,
COMPETITION,Uncategorised,
COMPOSITION/STRUCTURE,Uncategorised,
COMPOSITION/TEXTURE,Uncategorised,
COMPUTER,Uncategorised,
CONDENSATION,Biological,
CONDUCTION,Physical-Water,
CONDUCTIVITY,CONDUCTIVITY,
CONDUCTIVITY METERS,Uncategorised,
CONDUCTIVITY PROFILES,Uncategorised,
CONDUCTIVITY TEMPERATURE DEPTH,Uncategorised,
"CONDUCTIVITY, TEMPERATURE, DEPTH",Uncategorised,
CONIFERS,Uncategorised,
CONSERVATION,Uncategorised,
CONSUMPTION,Uncategorised,
CONSUMPTION RATES,Uncategorised,
CONTAMINANT LEVELS/SPILLS,Uncategorised,
CONTAMINANTS,Chemical,
CONTINENTAL MARGINS,Uncategorised,
CONTINENTAL RISES/SLOPES,Uncategorised,
CONTINENTAL SHELVES,Uncategorised,
CONTINUOUS PLANKTON RECORDER,Uncategorised,
CONTOUR MAPS,Uncategorised,
CONTOURS,Uncategorised,
CONTROL SURVEYS,Uncategorised,
CONVECTION,Wind,
CONVERGENCE/DIVERGENCE,Wind,
COPEPODS,Biological,
CORAL DEPOSITS,,Needs mapping
CORAL REEF,,Needs mapping
CORAL REEFS,,Needs mapping
CORALS,Ocean Biota,
CORING DEVICES,Uncategorised,
CORINTHIAN BAY,Uncategorised,
COSMIC RAYS,Physical-Atmosphere,
COULMAN ISLAND,Uncategorised,
COUPLED CLIMATE MODELS,Uncategorised,
CRETACEOUS,Uncategorised,
CROPPING SYSTEMS,Uncategorised,
CROZET ISLANDS,Uncategorised,
CRUSTACEANS,Ocean Biota,
CULTURAL FEATURES,Uncategorised,
CUMBERLAND BAY,Uncategorised,
CURRENT METERS,Uncategorised,
CURRENT PROFILES,Uncategorised,
CURRICULUM SUPPORT,Uncategorised,
CYANOBACTERIA (BLUE-GREEN ALGAE),Ocean Biota,
CYCLONES,Physical-Atmosphere,
DALTON POLYNYA,Uncategorised,
DART BIOPSY GUN,Uncategorised,
DATA COLLECTIONS,Uncategorised,
DAVIES BAY,Uncategorised,
DAVIS,Uncategorised,
DAVIS SEA,Uncategorised,
DAVIS STATION,Uncategorised,
DECAPODS,Ocean Biota,
DECEPTION ISLAND,Uncategorised,
DECOMPOSITION,Biological,
DEEP TOWED CAMERA,Uncategorised,
DEFENSE METEOROLOGICAL SATELLITE PROGRAM,Uncategorised,
DEFENSE METEOROLOGICAL SATELLITE PROGRAM-F11,Uncategorised,
DEFENSE METEOROLOGICAL SATELLITE PROGRAM-F13,Uncategorised,
DEGRADATION,Uncategorised,
DEMERSAL,Uncategorised,
DEMERSAL HABITAT,,Needs mapping
DEMERSAL TRAWL,Uncategorised,
DENITRIFICATION RATE,Nutrient,
DENSITY,Biological,
DESALINIZATION,Uncategorised,
DESERTIFICATION,Uncategorised,
DESERTS,Uncategorised,
DEW POINT,Needs mapping,
DEW POINT TEMPERATURE,Needs mapping,
DIAGENESIS,,Needs mapping
DIATOMS,Ocean Biota,
DIBBLE BAY,Uncategorised,
DICOTS,Biological,
DIEGO RAMIREZ,Uncategorised,
DIFFERENTIAL OPTICAL ABSORPTION SPECTROMETERS,Uncategorised,
DIFFUSION,Current,
DIGITAL ELEVATION/TERRAIN MODEL (DEM),Uncategorised,
DIGITALGLOBE WORLDVIEW-2,Uncategorised,
DIGITALGLOBE'S QUICKBIRD,Uncategorised,
DIMETHYL SULFIDE,,Needs mapping
DINOFLAGELLATES,Ocean Biota,
DISCHARGE/FLOW,Uncategorised,
DISEASES/EPIDEMICS,Uncategorised,
DISSOLVED GASES,Chemical,
DISSOLVED OXYGEN,Oxygen,
DISSOLVED SOLIDS,Chemical,
DIURNAL MOVEMENTS,Uncategorised,
DOMINANCE,Uncategorised,
DOMINANT SPECIES,Uncategorised,
DOPPLER VELOCITY,Uncategorised,
DOWNWELLING LONGWAVE RADIATION,Air-Sea Fluxes,
DRAINAGE,Uncategorised,
DREDGING DEVICES,Uncategorised,
DRESCHER INLET,Uncategorised,
DRIFTING BUOYS,Uncategorised,
DRILLING PLATFORMS,Uncategorised,
DRONNING MAUD LAND,Uncategorised,
DROPLET SIZE,Precipitation and evaporation,
DROPSONDES,Uncategorised,
DROUGHT/PRECIPITATION RECONSTRUCTION,Uncategorised,
DRY VALLEYS,Uncategorised,
DUCKS/GEESE/SWANS,Biological,
DUGONGS/MANATEES,Ocean Biota,
DUMONT D'URVILLE,Uncategorised,
DUMONT D'URVILLE SEA,Uncategorised,
DUMONT D'URVILLE STATION,Uncategorised,
DUNES,Uncategorised,
DUST/ASH/SMOKE,Physical-Atmosphere,
DYNAMIC VEGETATION/ECOSYSTEM MODELS,Uncategorised,
EAGLES/FALCONS/HAWKS AND ALLIES,Biological,
EARTH OBSERVING SYSTEM,Uncategorised,
EARTH OBSERVING SYSTEM (GEOS) OF THE NASA GLOBAL MODELING AND ASSIMILATION OFFICE,Uncategorised,
"EARTH OBSERVING SYSTEM, AQUA",Uncategorised,
"EARTH OBSERVING SYSTEM, TERRA (AM-1)",Uncategorised,
EARTH SCIENCE REANALYSES/ASSIMILATION MODELS,Uncategorised,
EARTHQUAKE DETAILS,Uncategorised,
EARTHQUAKE DYNAMICS,Uncategorised,
EARTHQUAKE MAPS,Uncategorised,
EARTHQUAKE OCCURRENCES,Uncategorised,
EARTHQUAKE PREDICTIONS,Uncategorised,
EARTHQUAKES,Uncategorised,
EAST ANTARCTIC CONTINENTAL SHELF,Uncategorised,
EAST ANTARCTIC OFFSHORE,Uncategorised,
EAST ANTARCTICA,Uncategorised,
EAST ANTARCTICA,Uncategorised,
EASTERN HEMISPHERE,Uncategorised,
EASTERN INDIAN OCEAN,Uncategorised,
ECHINODERMS,Ocean Biota,
ECHO SOUNDERS,Uncategorised,
ECOLOGICAL DYNAMICS,Biological,
ECOLOGY OF THE ANTARCTIC SEA ICE ZONE,Uncategorised,
ECONOMIC RESOURCES,Uncategorised,
"ECOPATH, ECOSIM, ECOSPACE, QUALITATIVE MODEL, QUANTITATIVE MODEL, LOOP ANALYSIS",Uncategorised,
ECOSYSTEM FUNCTIONS,Uncategorised,
ECOSYSTEMS,Uncategorised,
ECOTOXICOLOGY,Chemical,
EDDIES,,Needs mapping
EDMONSON POINT,Uncategorised,
EELGRASS,Ocean Biota,
EFFLUENT,Chemical,
EL NINO SOUTHERN OSCILLATION (ENSO),Uncategorised,
ELECTRIC FIELD,Physical-Atmosphere,
ELECTRICAL PROPERTIES,Physical-Atmosphere,
ELECTRICITY,Physical-Atmosphere,
ELECTROMAGNETIC GEOPROFILER,Uncategorised,
ELECTRON GAS CHROMATOGRAPH,Uncategorised,
ELLIS FJORD,Uncategorised,
EMISSIONS,Physical-Atmosphere,
ENDANGERED SPECIES,Uncategorised,
ENHANCED THEMATIC MAPPER PLUS,Uncategorised,
ENTOPROCTS,Biological,
ENVIRONMENTAL ASSESSMENTS,Uncategorised,
ENVIRONMENTAL GOVERNANCE/MANAGEMENT,Uncategorised,
ENVIRONMENTAL IMPACTS,Uncategorised,
ENVIRONMENTAL MODELING,Uncategorised,
ENVIRONMENTAL RESEARCH,Uncategorised,
ENVIRONMENTAL SATELLITE,Uncategorised,
EPIBENTHIC,Biological,
EPIFAUNA,Biological,
EROSION,Uncategorised,
ESTUARIES,Uncategorised,
ESTUARINE HABITAT,,Needs mapping
ESTUARINE WETLANDS,,Needs mapping
ESTUARY,Uncategorised,
ESTUARY MOUTH,Uncategorised,
EUPHAUSIIDS (KRILL),Biological,
EUROPEAN REMOTE SENSING SATELLITE-1,Uncategorised,
EUROPEAN REMOTE SENSING SATELLITE-2,Uncategorised,
EUTROPHICATION,Uncategorised,
EVAPORATION,Precipitation and evaporation,
EVAPOTRANSPIRATION,Precipitation and evaporation,
EVOLUTION AND BIODIVERSITY IN THE ANTARCTIC,Uncategorised,
EVOLUTIONARY ADAPTATION,Uncategorised,
EXCRETION RATES,Biological,
EXOTIC SPECIES,Uncategorised,
EXOTIC VEGETATION,Uncategorised,
EXPENDABLE BATHYTHERMOGRAPHS,Uncategorised,
EXTREME DROUGHT,Uncategorised,
EXTREME PRECIPITATION,Uncategorised,
EXTREME WEATHER,Uncategorised,
FALKLAND ISLANDS,Uncategorised,
FAST REPETITION RATE FLUOROMETER,Uncategorised,
FAULT MOVEMENT,Uncategorised,
FAWN TROUGH,Uncategorised,
FEEDING HABITAT,Uncategorised,
FERNS AND ALLIES,Biological,
FETCH,Uncategorised,
FIELD INVESTIGATION,Uncategorised,
FIELD SURVEYS,Uncategorised,
FILCHNER TROUGH,Uncategorised,
FILTER SAMPLING INSTRUMENT,Uncategorised,
FIRN,Uncategorised,
FISH,Ocean Biota,
FISH NETS,Uncategorised,
FISHERIES,Uncategorised,
FISHING VESSELS,Uncategorised,
FIXED OBSERVATION STATIONS,Uncategorised,
FJORDS,Uncategorised,
FLAGELLATES,Ocean Biota,
FLAME-IONIZATION DETECTOR,Uncategorised,
FLASKS,Uncategorised,
FLATWORMS/FLUKES/TAPEWORMS,Ocean Biota,
FLINDERS ISLAND,Uncategorised,
FLOOD PLAIN,,Needs mapping
FLOODS,Uncategorised,
FLOUNDERS,Ocean Biota,
FLOW CYTOMETRY,Uncategorised,
FLOW INJECTION ANALYSIS,Uncategorised,
FLUORESCENCE,Chlorophyll,
FLUORESCENCE MICROSCOPY,Uncategorised,
FLUORESCENCE SPECTROSCOPY,Uncategorised,
FLUOROMETERS,Uncategorised,
FLUTTER,Uncategorised,
FLUXGATE MAGNETOMETERS,Uncategorised,
FOLD ISLAND,Uncategorised,
FOLDS,Uncategorised,
FOOD AVAILABILTIY,Biological,
FOOD-WEB DYNAMICS,Biological,
FORAMINIFERS,Ocean Biota,
FOREST COMPOSITION/VEGETATION STRUCTURE,Uncategorised,
FOREST CONSERVATION,Uncategorised,
FOREST FIRE SCIENCE,Uncategorised,
FOREST YIELDS,Uncategorised,
FORESTS,Uncategorised,
FOSSIL FUEL BURNING,Uncategorised,
FOURIER TRANSFORM INFRARED SPECTROMETER,Uncategorised,
FRACTURE ZONES,Uncategorised,
FRAZIER ISLANDS,Uncategorised,
FREE AIR CO2 ENRICHMENT PROGRAM,Uncategorised,
FREEBOARD,,Needs mapping
FREEZE/FROST,,Needs mapping
FREEZE/THAW,,Needs mapping
FREQUENCY MODULATED CONTINUOUS WAVE RADAR,Uncategorised,
FRESH WATER FLUX,Current,
FRESH WATER RIVER DISCHARGE,Current,
FRESHWATER ECOSYSTEMS,Uncategorised,
FROGS/TOADS,Biological,
FRONTS,,Needs mapping
FROZEN GROUND,,Needs mapping
FUNGI,Biological,
FV EASTERN VOYAGER,Uncategorised,
GAMMA RAY,Air-Sea Fluxes,
GAMMA RAY SPECTROMETERS,Uncategorised,
GAS CHROMATOGRAPH/MASS SPECTROMETRY,Uncategorised,
GAS CHROMATOGRAPHS,Uncategorised,
GAS CHROMATOGRAPHY - FLAME IONIZATION DETECTOR,Uncategorised,
GASTROPODS,Biological,
GASTRPODS,,
GAUSSBERG,Uncategorised,
GC-ECD,Uncategorised,
GCFID,Uncategorised,
GELBSTOFF,Optical properties,
GENERAL CIRCULATION MODEL,,Needs mapping
GEOCHEMISTRY,,Needs mapping
GEODETICS/GRAVITY,Uncategorised,
GEOFFREY'S BAY,Uncategorised,
GEOID PROPERTIES,Uncategorised,
GEOLOCATING LIGHT LOGGER SYSTEM,Uncategorised,
GEOLOCATION,Uncategorised,
GEOLOGIC/TECTONIC/PALEOCLIMATE MODELS,Uncategorised,
GEOMAGNETISM,Uncategorised,
GEOMORPHIC LANDFORMS/PROCESSES,,Needs mapping
GEOMORPHOLOGY,,Needs mapping
GEOPHONES,Uncategorised,
GEOPOTENTIAL HEIGHT,,Needs mapping
GEORGE V,Uncategorised,
GEORGE V BASIN,Uncategorised,
GEORGE V COAST,Uncategorised,
GEORGE V LAND,Uncategorised,
GEORGE V SHELF,Uncategorised,
GEOSCIENCE LASER ALTIMETER SYSTEM,Uncategorised,
GEOTECHNICAL PROPERTIES,Uncategorised,
GILLNETS,Uncategorised,
GLACIAL LANDFORMS,Uncategorised,
GLACIAL MEASUREMENTS,,Needs mapping
GLACIAL PROCESSES,,Needs mapping
GLACIATION,,Needs mapping
GLACIER ELEVATION/ICE SHEET ELEVATION,,Needs mapping
GLACIER MASS BALANCE/ICE SHEET MASS BALANCE,,Needs mapping
GLACIER MOTION/ICE SHEET MOTION,,Needs mapping
GLACIER THICKNESS/ICE SHEET THICKNESS,,Needs mapping
GLACIER TOPOGRAPHY/ICE SHEET TOPOGRAPHY,,Needs mapping
GLACIER/ICE SHEET THICKNESS,,Needs mapping
GLACIERS,Uncategorised,
GLACIERS/ICE SHEETS,,Needs mapping
GLOBAL,Uncategorised,
GLOBAL CHANGE OBSERVATION MISSION 1ST-WATER,Uncategorised,
GLOBAL NAVIGATION SATELLITE SYSTEM,Uncategorised,
GLOBAL OCEAN,Uncategorised,
GLOBAL POSITIONING SYSTEM,Uncategorised,
GLOBAL POSITIONING SYSTEM SATELLITES,Uncategorised,
GLOBAL POSITIONING SYSTEMS,Uncategorised,
GNSS RECEIVER,Uncategorised,
GO-FLO BOTTLES,Uncategorised,
GPS RECEIVERS,Uncategorised,
GRAB SAMPLERS,Uncategorised,
GRAIN SIZE,,Needs mapping
GRASSLANDS,Uncategorised,
GRAVIMETERS,Uncategorised,
GRAVITATIONAL FIELD,Uncategorised,
GRAVITY WAVES,Wave,
GRAVITY/GRAVITATIONAL FIELD,Uncategorised,
GRAZING DYNAMICS / PLANT ECOLOGY,,Needs mapping
GRAZING DYNAMICS/PLANT HERBIVORY,,Needs mapping
GREAT BARRIER REEF,Uncategorised,
GREAT SOUTHERN AUSTRALIAN COASTAL UPWELLING SYSTEM,Uncategorised,
GREEN ALGAE,Ocean Biota,
GREENLAND,Uncategorised,
GROUND ICE,,Needs mapping
GROUND PENETRATING RADAR,Uncategorised,
GROUND STATIONS,Uncategorised,
GROUND WATER,Physical-Water,
GROUND-BASED OBSERVATIONS,Uncategorised,
GROUNDWATER CHEMISTRY,Chemical,
GROVE MOUNTAINS,Uncategorised,
GYRES,,Needs mapping
GYROS,Uncategorised,
HAIL STORMS,Precipitation and evaporation,
HALOCARBONS,Carbon,
HALOCLINE,Salinity,
HAPTOPHYTES,Ocean Biota,
HARD OR STONY CORALS,Ocean Biota,
HASWELL ISLAND,Uncategorised,
HAWKER ISLAND,Uncategorised,
"HEAD OF BIGHT, SOUTH AUSTRALIA",Uncategorised,
HEARD AND MCDONALD ISLANDS,Uncategorised,
HEARD ISLAND,Uncategorised,
HEAT FLUX,Temperature,
HEAT/COLD WAVE FREQUENCY/INTENSITY,Air temperature,
HEATING DEGREE DAYS,Air temperature,
HEATING RATE,,Needs mapping
HEAVY METALS CONCENTRATION,Chemical,
HELICOPTER,Uncategorised,
HERBIVORY,Uncategorised,
HERONS/EGRETS AND ALLIES,Biological,
HEXAPODS,Biological,
HIGH RESOLUTION RADIOMETER,Uncategorised,
HIGHER MAXIMUM DAYTIME TEMPERATURES,Air temperature,
HIGHER MINIMUM NIGHTTIME TEMPERATURES,Air temperature,
HIGH-PERFORMANCE LIQUID CHROMATOGRAPH,Uncategorised,
HOBART,Uncategorised,
HOLME BAY,Uncategorised,
HOLOCENE,Uncategorised,
HONKALA ISLAND,Uncategorised,
HOP ISLAND,Uncategorised,
HUKURO COVE,Uncategorised,
HUMAN DIMENSIONS,Uncategorised,
HUMIDITY,Humidity,
HUMIDITY INDEX,Humidity,
HUMIDITY SENSORS,Uncategorised,
HURRICANES,,Needs mapping
HYDROCARBONS,Chemical,
HYDROCHLOROFLUOROCARBONS,,Needs mapping
HYDROFLUOROCARBONS,,Needs mapping
HYDROPHONES,Uncategorised,
HYDROTHERMAL VENTS,,Needs mapping
HYDROZOANS,Ocean Biota,
HYPOXIA,Ocean Biota,
ICE AUGERS,Uncategorised,
ICE CORE AIR BUBBLES,,Needs mapping
ICE CORE RECORDS,,Needs mapping
ICE DEFORMATION,,Needs mapping
ICE DEPTH/THICKNESS,,Needs mapping
ICE EDGES,,Needs mapping
ICE EXTENT,,Needs mapping
ICE FLOES,,Needs mapping
ICE FRACTION,,Needs mapping
ICE GROWTH/MELT,,Needs mapping
ICE MOTION,,Needs mapping
ICE ROUGHNESS,,Needs mapping
ICE SHEET MEASUREMENTS,,Needs mapping
ICE SHEETS,,Needs mapping
ICE SHELVES,,Needs mapping
ICE STORMS,,Needs mapping
ICE TEMPERATURE,,Needs mapping
ICE TYPES,,Needs mapping
ICE VELOCITY,,Needs mapping
"ICE, CLOUD AND LAND ELEVATION SATELLITE",Uncategorised,
"ICE, CLOUD, AND LAND ELEVATION SATELLITE-2",Uncategorised,
ICEBERGS,,Needs mapping
IGNEOUS ROCK AGE DETERMINATIONS,,Needs mapping
IGNEOUS ROCK FORMATION,,Needs mapping
IGNEOUS ROCKS,,Needs mapping
ILES DE KERGUELEN,Uncategorised,
INCOMING SOLAR RADIATION,Air-Sea Fluxes,
INCUBATOR,Uncategorised,
INDIAN OCEAN,Uncategorised,
INDIAN SECTOR,Uncategorised,
INDICATOR SPECIES,Uncategorised,
INDIGENOUS VEGETATION,Uncategorised,
INDIGENOUS/NATIVE SPECIES,Biological,
INDONESIA,Uncategorised,
INDUCTIVELY COUPLED PLASMA ATOMIC EMISSION SPECTROMETER,Uncategorised,
INDUCTIVELY COUPLED PLASMA EMISSION SPECTROSCOPY,Uncategorised,
INDUCTIVELY COUPLED PLASMA MASS SPECTROMETER,Uncategorised,
INDUSTRIAL EMISSIONS,Uncategorised,
INDUSTRIALIZATION,Uncategorised,
INERTIAL MEASUREMENT UNIT,Uncategorised,
INERTIAL NAVIGATION SYSTEM,Uncategorised,
INFAUNA,Ocean Biota,
INFRARED CARBON DIOXIDE ANALYZER,Uncategorised,
INFRARED IMAGERY,Uncategorised,
INFRARED RADIANCE,Air-Sea Fluxes,
INFRASTRUCTURE,Uncategorised,
INLETS,Uncategorised,
INORGANIC CARBON,Carbon,
INORGANIC MATTER,Suspended particulate material,
INSECTS,Biological,
INTERFEROMETRIC SYNTHETIC APERTURE RADAR,Uncategorised,
INTERNAL WAVES,Wave,
INTERNATIONAL GEOSPHERE-BIOSPHERE PROGRAMME,Uncategorised,
INTERNATIONAL POLAR YEAR,Uncategorised,
INTERTIDAL OR EULITTORAL ZONE,,Needs mapping
INTERTIDAL ZONE,,Needs mapping
INTRASPECIFIC,Uncategorised,
INTRODUCED SPECIES,Biological,
INUNDATION,,Needs mapping
INVASIVE SPECIES,Uncategorised,
INVERTEBRATES,Biological,
ION CHROMATOGRAPHS,Uncategorised,
ION EXCHANGE,Uncategorised,
IONS,Chemical,
IPY,Uncategorised,
IRRADIANCE,Optical properties,
IRRIGATION,Uncategorised,
ISLAND ARCS,,Needs mapping
ISLANDS,Uncategorised,
ISLAS MALVINAS,Uncategorised,
ISOPODS,Biological,
ISOTOPE MEASUREMENTS,Chemical,
ISOTOPES,Chemical,
ISOTOPIC AGE,Chemical,
ISOTOPIC RATIO MASS SPECTROMETER,Uncategorised,
JELLYFISHES,Ocean Biota,
"JOINT GLOBAL OCEAN FLUX STUDY, IGBP",Uncategorised,
KARELIN BAY,Uncategorised,
K-AXIS,Uncategorised,
KELP FOREST,,Needs mapping
KEMMERER SAMPLER,Uncategorised,
KERGUELAN PLATEAU,Uncategorised,
KERGUELEN ISLANDS,Uncategorised,
KERGUELEN PLATEAU,Uncategorised,
KERGUELEN_PLATEAU,Uncategorised,
KINGSTON,Uncategorised,
KLOA POINT,Uncategorised,
KNOX COAST,Uncategorised,
LABORATORY,Uncategorised,
LAGOONS,,Needs mapping
LAKE ICE,,Needs mapping
LAKE LEVELS,,Needs mapping
LAKE/POND,,Needs mapping
LAKES,,Needs mapping
LAKES/RESERVOIRS,,Needs mapping
LAMP SHELLS,Biological,
LAND COVER,Uncategorised,
LAND HEAT CAPACITY,Uncategorised,
LAND MANAGEMENT,Uncategorised,
LAND PRODUCTIVITY,Uncategorised,
LAND RESOURCES,Uncategorised,
LAND SURFACE,Uncategorised,
LAND SURFACE TEMPERATURE,Uncategorised,
LAND TENURE,Uncategorised,
LAND USE CLASSES,Uncategorised,
LAND USE/LAND COVER CLASSIFICATION,Uncategorised,
LANDFORMS,,Needs mapping
LANDING BLUFF,Uncategorised,
LANDSAT,Uncategorised,
LANDSAT-4,Uncategorised,
LANDSAT-7,Uncategorised,
LANDSCAPE ECOLOGY,Uncategorised,
LANDSCAPE MANAGEMENT,Uncategorised,
LARSEMANN HILLS,Uncategorised,
LARVAE,Biological,
LASER ABLATION INDUCTIVELY COUPLED PLASMA MASS SPECTROMETER,Uncategorised,
LASER OPTICAL PARTICLE COUNTER,Uncategorised,
LATITUDINAL GRADIENT PROJECT,Uncategorised,
LAW DOME,Uncategorised,
LEADS,,Needs mapping
LEECHES,Biological,
LENGTH OF GROWING SEASON,Biological,
LICHENS,Biological,
LICOR QUANTUM SENSOR,Uncategorised,
LIDAR,Uncategorised,
LIFE HISTORY,Biological,
LIGHT DETECTION AND RANGING,Uncategorised,
LIGHT MICROSCOPE,Uncategorised,
LIGHT TRANSMISSION,Optical properties,
LIMPET,Ocean Biota,
LITHOSPHERIC PLATE MOTION,,Needs mapping
LITTER CHARACTERISTICS,Uncategorised,
LIZARDS/SNAKES,Biological,
LOEWE MASSIF,Uncategorised,
LONG FJORD,Uncategorised,
LONG STREAMERS,Uncategorised,
LONGSHORE CURRENTS,Current,
LONGWAVE RADIATION,Uncategorised,
"LOOP ANALYSIS, ECOSYSTEM MODEL, ESTUARINE ECOSYSTEM",Uncategorised,
LOW BACKGROUND LIQUID SCINTILLATION COUNTER,Uncategorised,
LOWERED ACOUSTIC DOPPLER CURRENT PROFILER,Uncategorised,
MAC. ROBERTSON LAND,Uncategorised,
MACQUARIE ISLAND,Uncategorised,
MACROALGAE,Ocean Biota,
MACROALGAE (SEAWEEDS),Ocean Biota,
MACROFAUNA,Biological,
MACROFOSSILS,Biological,
MACROPHYTE,Ocean Biota,
MACROPHYTES,Ocean Biota,
MAGNETIC ANOMALIES,,Needs mapping
MAGNETIC FIELD,,Needs mapping
MAGNETIC ISLAND,Uncategorised,
MAGNETOMETERS,Uncategorised,
MAJOR ELEMENTS,Chemical,
MAMMALS,Biological,
MANGROVES,Biological,
MAPS,Uncategorised,
MARINE,Uncategorised,
MARINE ADVISORIES,Uncategorised,
MARINE BIOLOGY,Ocean Biota,
MARINE BIRDS,Ocean Biota,
MARINE ECOSYSTEMS,Uncategorised,
MARINE ENVIRONMENT MONITORING,Uncategorised,
MARINE GEOCHEMISTRY,,Needs mapping
MARINE GEOPHYSICS,,Needs mapping
MARINE GRAVITY FIELD,,Needs mapping
MARINE HABITAT,,Needs mapping
MARINE INVERTEBRATES,Ocean Biota,
MARINE MAGNETICS,,Needs mapping
MARINE MAMMALS,Ocean Biota,
MARINE MICROBIOTA,Ocean Biota,
MARINE OBSTRUCTIONS,Uncategorised,
MARINE PLANTS,Ocean Biota,
MARINE REPTILES,Ocean Biota,
"MARINE SCIENCE, MARINE BIOLOGY, MARINE ECOLOGY, MARINE BIOTA, OCEANOGRAPHY, ENVIRONMENTAL GEOLOGY, OCEANS, COASTAL PROCESSES, COASTS, COASTAL WATERSHEDS, SEDIMENT, PALEOCLIMATOLOGY, FISHERIES, ICHTHYOLOGY",Uncategorised,
MARINE SEDIMENTS,,Needs mapping
MARINE VOLCANISM,,Needs mapping
MARITIME BOUNDARIES,Uncategorised,
MARITIME BOUNDARY,Uncategorised,
MARITIME ZONES,Uncategorised,
MARSHES,Biological,
MASS SPECTROMETERS,Uncategorised,
MAWSON,Uncategorised,
MAWSON COAST,Uncategorised,
MAWSON RESEARCH STATION,Uncategorised,
MAWSON STATION,Uncategorised,
MAXIMUM/MINIMUM TEMPERATURE,Air temperature,
MCDONALD ISLANDS,Uncategorised,
MCGRADY COVE,Uncategorised,
MCMURDO SOUND,Uncategorised,
MCMURDO STATION,Uncategorised,
MERTZ DEPRESSION,Uncategorised,
MERTZ GLACIER,Uncategorised,
MERTZ GLACIER POLYNYA,Uncategorised,
MERTZ GLACIER TONGUE,Uncategorised,
MERTZ POLYNYA,Uncategorised,
METAMORPHIC ROCK AGE DETERMINATIONS,Uncategorised,
METAMORPHIC ROCK FORMATION,Uncategorised,
METAMORPHIC ROCKS,Uncategorised,
METEOROLOGICAL MEASUREMENT SYSTEM,Uncategorised,
METEOROLOGICAL OPERATIONAL SATELLITE - A,Uncategorised,
METHANE,,Needs mapping
MICROALGAE,Ocean Biota,
MICROFAUNA,Biological,
MICROFLORA,Biological,
MICROFOSSILS,Biological,
MICRONUTRIENTS/TRACE ELEMENTS,Nutrient,
MICROSCOPES,Uncategorised,
MICROWAVE,,Needs mapping
MICROWAVE IMAGERY,Uncategorised,
MICROWAVE RADIOMETER,Uncategorised,
MIDWATER TRAWLS,Uncategorised,
MIGRATORY RATES/ROUTES,Uncategorised,
MILLIPEDES,Biological,
MINE DRAINAGE,Uncategorised,
MINERALS,,Needs mapping
MINICOSM,Uncategorised,
MINOR ELEMENTS,,Needs mapping
MISEQ GENOME SEQUENCER,Uncategorised,
MODELS,Uncategorised,
MODERATE-RESOLUTION IMAGING SPECTRORADIOMETER,Uncategorised,
MOLECULAR OXYGEN,,Needs mapping
MOLLUSKS,Ocean Biota,
MONOCOTS,Biological,
MONTANE HABITATS,,Needs mapping
MOORINGS,Uncategorised,
MORTALITY,Uncategorised,
MOSCOW UNIVERSITY ICESHELF,Uncategorised,
MOSSES/HORNWORTS/LIVERWORTS,Biological,
MUDFLAT,,Needs mapping
MULTI COLLECTOR INDUCTIVELY COUPLED PLASMA MASS SPECTROMETERS,Uncategorised,
MULTIBEAM MAPPING SYSTEM,Uncategorised,
MULTIBEAM SWATH BATHYMETRY SYSTEM,Uncategorised,
MURPHY ROCKS,Uncategorised,
MURRAY MONOLITH,Uncategorised,
MUSHROOMS,Biological,
MUSSELS,Ocean Biota,
MUTATION RATES,Uncategorised,
NATIONAL OCEANIC & ATMOSPHERIC ADMINISTRATION-11,Uncategorised,
NATIONAL OCEANIC & ATMOSPHERIC ADMINISTRATION-12,Uncategorised,
NATIONAL OCEANIC & ATMOSPHERIC ADMINISTRATION-14,Uncategorised,
NATIONAL OCEANIC & ATMOSPHERIC ADMINISTRATION-15,Uncategorised,
NATURAL DISASTER RISK ASSESSMENT,Uncategorised,
NATURAL SELECTION,Uncategorised,
NATURALISTE PLATEAU,Uncategorised,
NAUTICAL MILE LIMIT,Uncategorised,
NELLY ISLAND,Uncategorised,
NEOGENE,Uncategorised,
NERITIC ZONE,Uncategorised,
NET RADIATION,Air-Sea Fluxes,
NET RADIOMETERS,Uncategorised,
NETS,Uncategorised,
NEW ZEALAND,Uncategorised,
NEWCOMB BAY,Uncategorised,
NEWCOMBE BAY,Uncategorised,
NIMBUS-7,Uncategorised,
NINNIS BANK,Uncategorised,
NINNIS GLACIER,Uncategorised,
NISKIN BOTTLES,Uncategorised,
NITRATE,Nutrient,
NITRATE PARTICLES,Nutrient,
NITRIC ACID,Nutrient,
NITRITE,Nutrient,
NITROGEN,Nutrient,
NITROGEN COMPOUNDS,Nutrient,
NITROGEN DIOXIDE,,Needs mapping
NITROGEN OXIDES,,Needs mapping
NITROUS OXIDE,,Needs mapping
NONDISPERSIVE INFRARED GAS ANALYZER,Uncategorised,
NON-METHANE HYDROCARBONS,,Needs mapping
NON-METHANE HYDROCARBONS/VOLATILE ORGANIC COMPOUNDS,,Needs mapping
NOONAN COVE,Uncategorised,
NORPAC ZOOPLANKTON NET,Uncategorised,
NOT APPLICABLE,Uncategorised,
NUCLEAR RADIATION EXPOSURE,Uncategorised,
NUTRIENT CYCLING,Uncategorised,
NUTRIENTS,Nutrient,
OBIS - SPATIAL ECOLOGICAL ANALYSIS OF MEGAVERTEBRATE POPULATIONS,Uncategorised,
OBIS/AADC,Uncategorised,
OBIS/SCAR-MARBIN,Uncategorised,
OBJECT DETECTION,Uncategorised,
O'BRIEN BAY,Uncategorised,
OCEAN ACOUSTICS,Acoustics,
OCEAN BIOGEOGRAPHIC INFORMATION SYSTEM,Uncategorised,
OCEAN CHEMISTRY,Chemical,
OCEAN CIRCULATION,,Needs mapping
OCEAN COLOR,Optical properties,
OCEAN CONTAMINANTS,Chemical,
OCEAN CRUST DEFORMATION,Uncategorised,
OCEAN CURRENTS,Current,
OCEAN DRILLING PROGRAM,Uncategorised,
OCEAN GENERAL CIRCULATION MODELS (OGCM)/REGIONAL OCEAN MODELS,Uncategorised,
OCEAN HARBOUR,Uncategorised,
OCEAN HEAT BUDGET,,Needs mapping
OCEAN MIXED LAYER,,Needs mapping
OCEAN OPTICS,Optical properties,
OCEAN PLATEAUS/RIDGES,,Needs mapping
OCEAN PRESSURE,Water pressure,
OCEAN SALINITY,Salinity,
OCEAN SURFACE CURRENT RADAR,Uncategorised,
OCEAN TEMPERATURE,Temperature,
OCEAN TEMPERATURE PROFILES,Temperature,
OCEAN TOPOGRAPHY EXPERIMENT,Uncategorised,
OCEAN TRACERS,Chemical,
OCEAN UPWELLING/DOWNWELLING,,Needs mapping
OCEAN WAVES,Wave,
OCEAN WINDS,Wind,
OCEAN/LAKE RECORDS,,Needs mapping
OCEANIC ZONE,Uncategorised,
OCEANS,Uncategorised,
O'GORMAN ROCKS,Uncategorised,
OIL SPILLS,Uncategorised,
OPTICAL DEPTH,Optical properties,
OPTICAL PLANKTON COUNTER,Uncategorised,
ORBITAL CHANGE FORCING,,Needs mapping
ORGANIC CARBON,Carbon,
ORGANIC MATTER,Suspended particulate material,
ORGANIC PARTICLES,,Needs mapping
OSCILLATIONS,Air pressure,
OSTRACODS,Biological,
OUTGOING LONGWAVE RADIATION,Air-Sea Fluxes,
OXYGEN,,
OXYGEN ANALYZERS,Uncategorised,
OXYGEN DEMAND,Uncategorised,
OXYGEN ISOTOPES,,Needs mapping
OXYGEN METERS,Uncategorised,
OYSTER REEF,,Needs mapping
OYSTERS,Ocean Biota,
OZONE,,Needs mapping
PACIFIC DECADAL OSCILLATION,,Needs mapping
PACIFIC OCEAN,Uncategorised,
PACK ICE,Uncategorised,
PALEOCLIMATE,Uncategorised,
PALEOCLIMATE FORCING,Uncategorised,
PALEOCLIMATE INDICATORS,,Needs mapping
PALEOCLIMATE RECONSTRUCTIONS,,Needs mapping
PALEOMAGNETIC DATA,,Needs mapping
PALEOMAGNETISM,,Needs mapping
PARASITISM,Uncategorised,
PARK,Uncategorised,
PARTICLE FLUX,,Needs mapping
PARTICLE MEASURING SYSTEM,Uncategorised,
PARTICULATE MATTER,,Needs mapping
PARTICULATES,,Needs mapping
PASSIVE ACOUSTIC RECORDER,Uncategorised,
PEATLANDS,Uncategorised,
PELAGIC,Ocean Biota,
PELAGIC HABITAT,,Needs mapping
PELICANS AND ALLIES,Biological,
PENGUINS,Ocean Biota,
PERIGLACIAL PROCESSES,Uncategorised,
PESTICIDES,Chemical,
PETERSEN BANK,Uncategorised,
PETERSEN ISLAND,Uncategorised,
PETERSON BANK,Uncategorised,
PETREL ISLAND,Uncategorised,
PETROLEUM,Chemical,
PETROLEUM HYDROCARBONS,Chemical,
PH,Chemical,
PH METERS,Uncategorised,
PHANEROZOIC,Uncategorised,
PHASE CONTRAST MICROSCOPES,Uncategorised,
PHOSPHATE,Nutrient,
PHOSPHOROUS COMPOUNDS,Nutrient,
PHOTOSYNTHESIS,Uncategorised,
PHOTOSYNTHESIS CHAMBER,Uncategorised,
PHOTOSYNTHETICALLY ACTIVE RADIATION,Air-Sea Fluxes,
PHOTOSYNTHETICALLY ACTIVE RADIATION SENSORS,Uncategorised,
PHYTOPLANKTON,Ocean Biota,
PIER PILING,Uncategorised,
PIGMENTS,Other Pigment,
PIPELINES,Uncategorised,
"PIRATES BAY, TASMANIA",Uncategorised,
PISTON SAMPLERS,Uncategorised,
PLANETARY BOUNDARY LAYER HEIGHT,,Needs mapping
PLANETARY/ROSSBY WAVES,Air pressure,
PLANKTON,Ocean Biota,
PLANKTON NETS,Uncategorised,
PLANT BREEDING AND GENETICS,Uncategorised,
PLANT CHARACTERISTICS,Biological,
PLANT SUCCESSION,Uncategorised,
PLANTS,Biological,
PLATE TECTONICS,,Needs mapping
PLEISTOCENE,Uncategorised,
POINTE GEOLOGIE,Uncategorised,
POLAR,Uncategorised,
POLITICAL DIVISIONS,Uncategorised,
POLYNYAS,,Needs mapping
POPULATION,Biological,
POPULATION ABUNDANCE,Biological,
POPULATION DYNAMICS,Biological,
POPULATION SIZE,Biological,
PORPOISE BAY,Uncategorised,
PORTABLE FLUORESCENCE ANALYZERS,Uncategorised,
POSADOWSKY BAY,Uncategorised,
POST-BREEDING,Uncategorised,
POST-BREEDING PERIODS,Uncategorised,
POTENTIAL DENSITY,Salinity,
POTENTIAL TEMPERATURE,,
PRECIPITABLE WATER,Precipitation and evaporation,
PRECIPITATION,Precipitation and evaporation,
PRECIPITATION AMOUNT,Precipitation and evaporation,
PRECIPITATION ANOMALIES,Precipitation and evaporation,
PRECIPITATION RATE,Precipitation and evaporation,
PRECIPITATION TRENDS,Uncategorised,
PREDATION,Uncategorised,
PRESSURE SENSORS,Uncategorised,
PRESSURE TRANSDUCERS,Uncategorised,
PRIAPULANS,Ocean Biota,
PRIMARY PRODUCTION,Uncategorised,
PRINCE CHARLES MOUNTAINS,Uncategorised,
PRINCE CHARLES MOUTAINS,Uncategorised,
PRINCE EDWARD ISLANDS,Uncategorised,
PRINCESS ELIZABETH TROUGH,Uncategorised,
PRINCESS_ELIZABETH_TROUGH,Uncategorised,
PROBES,Uncategorised,
PROFILING FLOAT,Uncategorised,
PROTIST,Biological,
PROTISTS,Biological,
PRYDZ BAY,Uncategorised,
PUBLIC HEALTH,Uncategorised,
PUBLICATIONS,Uncategorised,
PYCNOCLINE,Salinity,
PYRANOMETERS,Uncategorised,
PYRGEOMETER,Uncategorised,
PYROMETERS,Uncategorised,
QUADRATS,Uncategorised,
QUATERNARY,Uncategorised,
QUEENSLAND,Uncategorised,
R/V AKADEMIK TRESHNIKOV,Uncategorised,
R/V AURORA AUSTRALIS,Uncategorised,
R/V L'ASTROLABE,Uncategorised,
R/V LAURENCE M. GOULD,Uncategorised,
R/V NATHANIEL B. PALMER,Uncategorised,
R/V NUYINA,Uncategorised,
R/V OSHORO-MARU,Uncategorised,
R/V POLARSTERN,Uncategorised,
R/V TANGAROA,Uncategorised,
R/V UMITAKA MARU,Uncategorised,
R/V YUZHMORGEOLOGIYA,Uncategorised,
RADAR ALTIMETERS,Uncategorised,
RADAR BACKSCATTER,,Needs mapping
RADAR ECHO SOUNDERS,Uncategorised,
RADAR IMAGERY,,Needs mapping
RADAR REFLECTIVITY,,Needs mapping
RADARSAT-1,Uncategorised,
RADARSAT-2,Uncategorised,
RADIANCE,Optical properties,
RADIATIVE FLUX,Air-Sea Fluxes,
RADIATIVE FORCING,Air-Sea Fluxes,
RADIO DETECTION AND RANGING,Uncategorised,
RADIO TRANSPONDERS,Uncategorised,
RADIO WAVE,,Needs mapping
RADIOACTIVE ELEMENTS,,Needs mapping
RADIOCARBON,,
RADIOLARIANS,Biological,
RADIOMETERS,Uncategorised,
RADIONUCLIDES,Chemical,
RAIN,Precipitation and evaporation,
RANGE CHANGES,Biological,
RAUER GROUP,Uncategorised,
RAUER ISLANDS,Uncategorised,
RAY-FINNED FISHES,Ocean Biota,
RECLAMATION/REVEGETATION/RESTORATION,Uncategorised,
RECREATIONAL ACTIVITIES/AREAS,Uncategorised,
RECYCLING,Uncategorised,
RED ALGAE,Ocean Biota,
REEF,,Needs mapping
REEF FISH,Ocean Biota,
REEF HABITAT,,Needs mapping
REFLECTANCE,,
REFLECTED INFRARED,,Needs mapping
REFORESTATION,Uncategorised,
RELATIVE HUMIDITY,Humidity,
RELIEF,,Needs mapping
REMOTELY OPERATED VEHICLES,Uncategorised,
REPRODUCTION,Uncategorised,
REPTILES,Biological,
RESPIRATION RATE,Biological,
RIBBON WORMS,Ocean Biota,
RICHARDSON LAKE,Uncategorised,
RIFT VALLEYS,,Needs mapping
RIG SEISMIC SEAMOUNT,Uncategorised,
RIPARIAN WETLANDS,,Needs mapping
RIVER CLOSING LINE,Uncategorised,
RIVERS/STREAM,Uncategorised,
RIVERS/STREAM HABITAT,,Needs mapping
RIVERS/STREAMS,Uncategorised,
ROCKS/MINERALS/CRYSTALS,,Needs mapping
ROCKY COASTS,,Needs mapping
ROCKY INTERTIDAL,,Needs mapping
ROCKY SHORE,,Needs mapping
ROCKY SUBSTRATA,,Needs mapping
RODENTS,Biological,
ROSS ICE SHELF,Uncategorised,
ROSS ISLAND,Uncategorised,
ROSS SEA,Uncategorised,
ROTHERA STATION,Uncategorised,
ROTIFERS,Biological,
ROUNDWORMS,Biological,
RUNOFF,Uncategorised,
SABRINA COAST,Uncategorised,
SABRINA COAST CONTINENTAL SLOPE,Uncategorised,
SABRINA CONTINENTAL SLOPE,Uncategorised,
SALINE LAKES,,Needs mapping
SALINITY,Salinity,
"SALINITY, TEMPERATURE , CONDUCTIVITY",Uncategorised,
SALINITY/DENSITY,Salinity,
SALINOMETERS,Uncategorised,
SALMONS/TROUTS,Biological,
SALPS,Ocean Biota,
SALT MARSH,,Needs mapping
SALT TRANSPORT,Salinity,
SALTWATER INTRUSION,,Needs mapping
SANDEFJORD BAY,Uncategorised,
SATELLITE RADIO BEACON,Uncategorised,
SATELLITES,Uncategorised,
SATELLITE-TO-SATELLITE TRACKING INSTRUMENT,Uncategorised,
SATURATION SPECIFIC HUMIDITY,Humidity,
SAV/SEA GRASS BED,,Needs mapping
SAVANNAS,,Needs mapping
SCANNING ELECTRON MICROSCOPES,Uncategorised,
SCANNING MULTICHANNEL MICROWAVE RADIOMETER,Uncategorised,
SCAR MARINE BIODIVERSITY INFORMATION NETWORK,Uncategorised,
SCATTERING,Optical properties,
SCAVENGING,Uncategorised,
SCINTILLATION COUNTERS,Uncategorised,
SCULLIN MONOLITH,Uncategorised,
SEA ANEMONES,Ocean Biota,
SEA FLOOR,Uncategorised,
SEA ICE,,Needs mapping
SEA ICE AGE,,Needs mapping
SEA ICE AREA,,Needs mapping
SEA ICE CONCENTRATION,,Needs mapping
SEA ICE ELEVATION,,Needs mapping
SEA ICE MOTION,,Needs mapping
SEA ICE STRAIN RATES,,Needs mapping
SEA LEVEL CHANGE,,Needs mapping
SEA LEVEL PRESSURE,Water pressure,
SEA LEVEL RISE,,Needs mapping
SEA PENS,Ocean Biota,
SEA SQUIRTS,Ocean Biota,
SEA STARS,Ocean Biota,
SEA STATE,Wave,
SEA SURFACE,Uncategorised,
SEA SURFACE HEIGHT,Sea surface height,
SEA SURFACE SUBSKIN TEMPERATURE,Temperature,
SEA SURFACE TEMPERATURE,Temperature,
SEA SURFACE TEMPERATURE INDICES,Temperature,
SEA SURFACE TEMPERATURE RECONSTRUCTION,Temperature,
SEA SURFACE TOPOGRAPHY,Sea surface height,
SEA URCHINS,Ocean Biota,
SEAFLOOR SPREADING,,Needs mapping
SEAFLOOR TOPOGRAPHY,Bathymetry,
SEAGRASS,Ocean Biota,
SEALS/SEA LIONS/WALRUSES,Ocean Biota,
SEAMOUNTS,,Needs mapping
SEASONAL ICE ZONE,,Needs mapping
SEASONALLY FROZEN GROUND,,Needs mapping
SEA-VIEWING WIDE FIELD-OF-VIEW SENSOR,Uncategorised,
SECCHI DEPTH,Optical properties,
SECONDARY PRODUCTION,Uncategorised,
SEDIMENT CHARACTERISTICS,,Needs mapping
SEDIMENT CHEMISTRY,,Needs mapping
SEDIMENT COMPOSITION,,Needs mapping
SEDIMENT CORERS,,Needs mapping
SEDIMENT GRAIN SIZE,,Needs mapping
SEDIMENT THICKNESS,,Needs mapping
SEDIMENT TRANSPORT,,Needs mapping
SEDIMENT TRAPS,Uncategorised,
SEDIMENTARY ROCKS,,Needs mapping
SEDIMENTARY STRUCTURES,,Needs mapping
SEDIMENTARY TEXTURES,,Needs mapping
SEDIMENTATION,,Needs mapping
SEDIMENTS,,Needs mapping
SEGMENTED WORMS (ANNELIDS),Biological,
SEISMIC BODY WAVES,,Needs mapping
SEISMIC CROSS SECTION,,Needs mapping
SEISMIC PROFILE,,Needs mapping
SEISMIC REFLECTION PROFILERS,Uncategorised,
SEISMOGRAPHS,Uncategorised,
SEISMOMETERS,Uncategorised,
SENSOR COUNTS,Uncategorised,
SENTINEL-1A,Uncategorised,
SENTINEL-1B,Uncategorised,
SENTINEL-2A,Uncategorised,
SEWAGE,Uncategorised,
SEWAGE DISPOSAL,Uncategorised,
SHACKLETON ICE SHELF,Uncategorised,
SHANNON BAY,Uncategorised,
SHARK FISHING INDUSTRY,Uncategorised,
SHARKS,Ocean Biota,
SHARKS/RAYS/CHIMAERAS,Ocean Biota,
SHIP,Uncategorised,
SHIPS,Uncategorised,
SHIRLEY ISLAND,Uncategorised,
SHOALS,,Needs mapping
SHOREBIRDS,Ocean Biota,
SHORELINE DISPLACEMENT,,Needs mapping
SHORELINES,,Needs mapping
SHORTWAVE RADIATION,Air-Sea Fluxes,
SHRUBLAND/SCRUB,Uncategorised,
SIDE-SCAN SONAR,Uncategorised,
SIGNIFICANT WAVE HEIGHT,Wave,
SIGNY ISLAND,Uncategorised,
SILICATE,Nutrient,
SINGLE OPERATOR MULTIPARAMETER METABOLIC ANALYZER,Uncategorised,
SKIN TEMPERATURE,Temperature,
SLEET,Precipitation and evaporation,
SLIME MOLDS,Biological,
SNOW,Precipitation and evaporation,
SNOW COVER,,Needs mapping
SNOW DENSITY,,Needs mapping
SNOW DEPTH,,Needs mapping
SNOW MELT,,Needs mapping
SNOW MICROPENETROMETER,Uncategorised,
SNOW STORMS,Precipitation and evaporation,
SNOW STRATIGRAPHY,,Needs mapping
SNOW VEHICLE,Uncategorised,
SNOW WATER EQUIVALENT,,Needs mapping
SNOW/ICE,,Needs mapping
SNOW/ICE CHEMISTRY,,Needs mapping
SNOW/ICE TEMPERATURE,,Needs mapping
SNOWPACK TEMPERATURE PROBE,Uncategorised,
SOCIAL AND ECONOMIC MODELS,Uncategorised,
SOCIAL BEHAVIOR,Uncategorised,
SOCIOECONOMICS,Uncategorised,
SOFT SEDIMENTS,,Needs mapping
SOIL MOISTURE,,Needs mapping
SOIL MOISTURE/WATER CONTENT,,Needs mapping
SOIL TEMPERATURE,,Needs mapping
SOILS,Needs mapping,
SOLAR FORCING,Uncategorised,
SOLAR IRRADIANCE,Air-Sea Fluxes,
SOLAR RADIATION,Air-Sea Fluxes,
SOLAR ULTRAVIOLET,UV radiation,
SOLAR UV SPECTROMETERS,Uncategorised,
SOLID EARTH,Uncategorised,
SONIC ANEMOMETER,Uncategorised,
SONOBUOYS,Uncategorised,
SOOS,Uncategorised,
SOUND NAVIGATION AND RANGING,Uncategorised,
SOUNDERS,Uncategorised,
SOUTH ATLANTIC OCEAN,Uncategorised,
SOUTH GEORGIA ISLAND,Uncategorised,
SOUTH KERGUELEN PLATEAU,Uncategorised,
SOUTH ORKNEY ISLANDS,Uncategorised,
SOUTH PACIFIC OCEAN,Uncategorised,
SOUTH SANDWICH ISLANDS,Uncategorised,
SOUTH SHETLAND ISLANDS,Uncategorised,
SOUTHEAST INDIAN SECTOR,Uncategorised,
SOUTHERN HEMISPHERE,Uncategorised,
SOUTHERN KERGUELEN AXIS,Uncategorised,
SOUTHERN KERGUELEN PLATEAU,Uncategorised,
SOUTHERN KERGUELEN PLATEAU REGION,Uncategorised,
SOUTHERN OCEAN,Uncategorised,
SPARKES BAY,Uncategorised,
SPECIAL SENSOR MICROWAVE/IMAGER,Uncategorised,
SPECIES BIOACCUMULATION,Biological,
SPECIES COMPETITION,Biological,
SPECIES DOMINANCE INDICES,Biological,
SPECIES LIFE HISTORY,Biological,
SPECIES MIGRATION,Biological,
SPECIES PREDATION,Biological,
SPECIES RECRUITMENT,Biological,
SPECIES/POPULATION INTERACTIONS,Biological,
SPECTROFLUOROMETER,Uncategorised,
SPECTROMETERS,Uncategorised,
SPECTROPHOTOMETERS,Uncategorised,
SPECTRORADIOMETERS,Uncategorised,
SPONGES,Ocean Biota,
SPOROZOANS,Biological,
SPRINGS,,Needs mapping
SQUIDS,Ocean Biota,
STABLE ISOTOPES,Chemical,
STATION HEIGHT,Uncategorised,
STEEL MEASURING TAPE,Uncategorised,
STEFANSSON BAY,Uncategorised,
STEINNES GROUP,Uncategorised,
STEREO WAVES,Uncategorised,
STILLWELL HILLS,Uncategorised,
STORM SURGE,,Needs mapping
STORMS,Uncategorised,
STRAIGHT BASELINE,Uncategorised,
STRATIFICATION,Uncategorised,
STRATIGRAPHIC SEQUENCE,,Needs mapping
STREAM CHEMISTRY,Chemical,
STREAMFLOW RECONSTRUCTION,Uncategorised,
SUBMARINE CANYONS,Bathymetry,
SUBSETTING/SUPERSETTING,Uncategorised,
SUBSURFACE CURRENTS,Current,
SUBTROPICAL CYCLONES,Physical-Atmosphere,
SUBTROPICAL FRONT,Uncategorised,
SUCCESSION,Biological,
SULFATE PARTICLES,,Needs mapping
SULFUR DIOXIDE,,Needs mapping
SULFUR OXIDES,,Needs mapping
SUMMER CAMPS,Uncategorised,
SUNSHINE,Air-Sea Fluxes,
SURF BEAT,Wave,
SURFACE AIR TEMPERATURE,Air temperature,
SURFACE CURRENTS,Current,
SURFACE PRESSURE,Air pressure,
SURFACE ROUGHNESS,,Needs mapping
SURFACE SALINITY,Salinity,
SURFACE SPEED,Current,
SURFACE TEMPERATURE,Temperature,
SURFACE WINDS,Air temperature,
"SURFACE, SUBSURFACE, OCEAN PROPERTIES",Uncategorised,
SURVEYING TOOLS,Uncategorised,
SURVEYS,Uncategorised,
SURVIVAL,Biological,
SURVIVAL RATES,Biological,
SUSPENDED SOLIDS,Suspended particulate material,
SUSPENSION FEEDERS,Biological,
SVARTHAMAREN,Uncategorised,
SVENNER ISLANDS,Uncategorised,
SWAMPS,,Needs mapping
SWELL HEIGHT,Wave,
SWELLS,Wave,
SYMBIOSIS,Biological,
SYNTHETIC APERTURE RADAR,Uncategorised,
SYOWA,Uncategorised,
SYOWA STATION,Uncategorised,
SYSTEME PROBATOIRE POUR L'OBSERVATION DE LA TERRE-1,Uncategorised,
TALLY COUNTER,Uncategorised,
TASMAN SEA,Uncategorised,
TASMANIA,Uncategorised,
TAYLOR GLACIER,Uncategorised,
TECTONIC LANDFORMS/PROCESSES,,Needs mapping
TECTONICS,,Needs mapping
TELECONNECTIONS,Uncategorised,
TELEMETER,Uncategorised,
TEMPERATURE ANOMALIES,Air temperature,
TEMPERATURE INDICES,Uncategorised,
TEMPERATURE LOGGERS,Uncategorised,
TEMPERATURE PROBES,Uncategorised,
TEMPERATURE PROFILERS,Uncategorised,
TEMPERATURE SENSORS,Uncategorised,
TEMPERATURE TRENDS,Uncategorised,
TERRA NOVA BAY,Uncategorised,
TERRAIN ELEVATION,,Needs mapping
TERRE ADELIE,Uncategorised,
TERRESTRIAL ECOSYSTEMS,Uncategorised,
TERRESTRIAL HYDROSPHERE,Uncategorised,
TERRIGENOUS SEDIMENTS,,Needs mapping
TERRITORIAL SEA BASELINE (TSB),Uncategorised,
THAID,Ocean Biota,
THERMAL INFRARED,Uncategorised,
THERMAL INFRARED RADIOMETER,Uncategorised,
THERMAL PROPERTIES,,Needs mapping
THERMISTORS,Uncategorised,
THERMOCLINE,Temperature,
THERMOHALINE CIRCULATION,,Needs mapping
THERMOMETERS,Uncategorised,
THERMOSALINOGRAPHS,Uncategorised,
TIDAL COMPONENTS,,Needs mapping
TIDAL CURRENTS,,Needs mapping
TIDAL FLATS,,Needs mapping
TIDAL HEIGHT,,Needs mapping
TIDAL RANGE,,Needs mapping
TIDE GAUGES,Uncategorised,
TIDES,,Needs mapping
TOOTHED WHALES,Ocean Biota,
TOPEX RADAR ALTIMETER,Uncategorised,
TOPOGRAPHIC EFFECTS,,Needs mapping
TOPOGRAPHIC WAVES,Air pressure,
TOPOGRAPHICAL RELIEF MAPS,,Needs mapping
TOPOGRAPHY,,Needs mapping
TOTAL DISSOLVED SOLIDS,Chemical,
TOTAL ORGANIC CARBON ANALYZER,Uncategorised,
TOTAL SURFACE WATER,,Needs mapping
TOTTEN GLACIER,Uncategorised,
TOXIC CHEMICALS,Chemical,
TOXICITY,Uncategorised,
TOXICITY LEVELS,Chemical,
TRACE ELEMENTS,Chemical,
TRACE ELEMENTS/TRACE METALS,Chemical,
TRACE GASES,,Needs mapping
TRACE GASES/TRACE SPECIES,,Needs mapping
TRACE METALS,Chemical,
TRANSECT FROM TASMANIA TO ANTARCTICA (VICINITY MERTZ GLACIER),Uncategorised,
TRANSMISSION ELECTRON MICROSCOPY,Uncategorised,
TRANSMISSOMETERS,Uncategorised,
TRANSPORTATION,Uncategorised,
TRAPS,Uncategorised,
TRAWL,Uncategorised,
TROPHIC DYNAMICS,Biological,
TROPHIC ECOLOGY OF THE NEARSHORE ZONE,Uncategorised,
TROPICAL CYCLONES,Physical-Atmosphere,
TROPOSPHERE,Uncategorised,
TROPOSPHERIC OZONE,,Needs mapping
TRYNE FJORD,Uncategorised,
TSUNAMI INFORMATION LINKS,Uncategorised,
TSUNAMIS,Wave,
TUNICATES,Ocean Biota,
TURBIDITY,Turbidity,
TURBULENCE,Current,
TURTLES,Ocean Biota,
TYPHOONS,Physical-Atmosphere,
UFS ISLAND,Uncategorised,
ULTRAVIOLET RADIANCE,UV radiation,
ULTRAVIOLET RADIATION,UV radiation,
UMEBOSI,Uncategorised,
UNDERWATER SPECTRAL IRRADIANCE METER,Uncategorised,
UNMANNED AERIAL VEHICLE,Uncategorised,
UPPER LEVEL WINDS,Wind,
UPWELLING,,Needs mapping
UPWELLING/DOWNWELLING,,Needs mapping
URBANIZATION,Uncategorised,
URBANIZATION/URBAN SPRAWL,Uncategorised,
USE/FEEDING HABITATS,,Needs mapping
UV RADIATION,UV radiation,
UV SPECTRAL,UV radiation,
VAISALA CEILOMETER,Uncategorised,
VAISALA HUMICAP HUMIDITY AND TEMPERATURE PROBE HMP155,Uncategorised,
VAISALA PTB330 DIGITAL BAROMETER,Uncategorised,
VANDERFORD GLACIER,Uncategorised,
VAPOUR COL,Uncategorised,
VEGETATION,,Needs mapping
VEGETATION COVER,,Needs mapping
VEGETATION INDEX,,Needs mapping
VEGETATION SPECIES,Biological,
VERNER ISLAND,Uncategorised,
VERTEBRATES,Biological,
VERTICAL MIGRATION,Biological,
VERTICAL WIND MOTION,Wind,
VESTFOLD HILLS,Uncategorised,
VESTFOLD ISLANDS,Uncategorised,
VICTORIA LAND,Uncategorised,
VICTORIA LAND COAST,Uncategorised,
VIDEO CAMERA,Uncategorised,
VIRUSES,Biological,
VISIBILITY,,Needs mapping
VISIBLE FLUX,Air-Sea Fluxes,
VISIBLE IMAGERY,,Needs mapping
VISIBLE RADIANCE,,Needs mapping
VISUAL CENSUS TRANSECTS,Uncategorised,
VISUAL OBSERVATIONS,Uncategorised,
VISUALIZATION/IMAGE PROCESSING,Uncategorised,
VITAL STATISTICS,Uncategorised,
VOLATILE ORGANIC COMPOUNDS,,Needs mapping
VOLCANIC ACTIVITY,,Needs mapping
VOLCANIC ASH/DUST,,Needs mapping
VOLCANIC DEPOSITS,,Needs mapping
VOLCANIC ERUPTIONS,,Needs mapping
VOLCANIC FORCING,,Needs mapping
VOLCANO,,Needs mapping
VORTICITY,Current,
VOYEYKOV,Uncategorised,
VULNERABILITY LEVELS/INDEX,Uncategorised,
WADERS/GULLS/AUKS AND ALLIES,Ocean Biota,
WASTEWATER DISCHARGE,Uncategorised,
WATER BOTTLES,Uncategorised,
WATER CHANNELS,,Needs mapping
WATER DEPTH,Depth,
WATER MANAGEMENT,Uncategorised,
WATER MASSES,,Needs mapping
WATER PRESSURE,Water pressure,
WATER QUALITY,Chemical,
WATER QUALITY/WATER CHEMISTRY,Chemical,
WATER TABLE,Uncategorised,
WATER TEMPERATURE,Temperature,
WATER VAPOR,,Needs mapping
WATER VAPOR PROFILES,,Needs mapping
WATER YIELD,,Needs mapping
WATER-LEAVING RADIANCE,Air-Sea Fluxes,
WAVE BUOY,Uncategorised,
WAVE FETCH,Wave,
WAVE FREQUENCY,Wave,
WAVE HEIGHT,Wave,
WAVE LENGTH,Wave,
WAVE PERIOD,Wave,
WAVE SPECTRA,Wave,
WAVE SPEED/DIRECTION,Wave,
WAVE TYPES,Wave,
WAVEFORMS,Wave,
WEATHER RESEARCH/FORECAST MODELS,Uncategorised,
WEATHER STATIONS,Uncategorised,
WEATHERING,Uncategorised,
WEDDELL SEA,Uncategorised,
WELCH ISLAND,Uncategorised,
WEST ICE SHELF,Uncategorised,
WETLANDS,,Needs mapping
WHOLE WATER SAMPLER,Uncategorised,
WILKES,Uncategorised,
WILKES LAND,Uncategorised,
WILKES STATION,Uncategorised,
WILKINS,Uncategorised,
WILLIAM'S RIDGE,Uncategorised,
WIND DIRECTION,Wind,
WIND DIRECTION TENDENCY,Wind,
WIND MONITOR,Uncategorised,
WIND PROFILES,Wind,
WIND SHEAR,Wind,
WIND SPEED,Wind,
WIND SPEED TENDENCY,Wind,
WIND SPEED/WIND DIRECTION,Wind,
WIND STORMS,Wind,
WIND STRESS,Wind,
WIND WAVES,Wind,
WIND-DRIVEN CIRCULATION,,Needs mapping
WINDMILL ISLANDS,Uncategorised,
WORLD OCEAN CIRCULATION EXPERIMENT,Uncategorised,
WORLDVIEW-2,Uncategorised,
X-RAY DIFFRACTOMETER,Uncategorised,
X-RAY FLUORESCENCE SPECTROMETER,Uncategorised,
YEASTS/TRUFFLES,Biological,
YULE BAY,Uncategorised,
ZHONG SHAN,Uncategorised,
ZOOPLANKTON,Ocean Biota,
